/*
SQLyog Ultimate v12.09 (64 bit)
MySQL - 8.0.12 : Database - blog
*********************************************************************
*/

/*!40101 SET NAMES utf8 */;

/*!40101 SET SQL_MODE=''*/;

/*!40014 SET @OLD_UNIQUE_CHECKS=@@UNIQUE_CHECKS, UNIQUE_CHECKS=0 */;
/*!40014 SET @OLD_FOREIGN_KEY_CHECKS=@@FOREIGN_KEY_CHECKS, FOREIGN_KEY_CHECKS=0 */;
/*!40101 SET @OLD_SQL_MODE=@@SQL_MODE, SQL_MODE='NO_AUTO_VALUE_ON_ZERO' */;
/*!40111 SET @OLD_SQL_NOTES=@@SQL_NOTES, SQL_NOTES=0 */;
CREATE DATABASE /*!32312 IF NOT EXISTS*/`blog` /*!40100 DEFAULT CHARACTER SET utf8 */;

USE `blog`;

/*Table structure for table `admin` */

DROP TABLE IF EXISTS `admin`;

CREATE TABLE `admin` (
  `id` int(11) NOT NULL AUTO_INCREMENT,
  `name` varchar(32) DEFAULT NULL,
  `pwd` varchar(32) DEFAULT NULL,
  PRIMARY KEY (`id`)
) ENGINE=MyISAM AUTO_INCREMENT=8 DEFAULT CHARSET=utf8;

/*Data for the table `admin` */

insert  into `admin`(`id`,`name`,`pwd`) values (1,'admin','07eb4078859d4ada177f925960301ccd'),(7,'lucy','b2a593963da5b0eda32ba9e57bc1bcf7');

/*Table structure for table `article_comment` */

DROP TABLE IF EXISTS `article_comment`;

CREATE TABLE `article_comment` (
  `id` int(11) NOT NULL AUTO_INCREMENT,
  `nickname` varchar(255) CHARACTER SET utf8 COLLATE utf8_general_ci DEFAULT NULL,
  `time` varchar(255) DEFAULT NULL,
  `msg` text COMMENT '评论内容',
  `blog_id` int(11) DEFAULT NULL COMMENT '评论的文章的id',
  `is_pass` int(2) DEFAULT '0',
  PRIMARY KEY (`id`)
) ENGINE=MyISAM AUTO_INCREMENT=21 DEFAULT CHARSET=utf8;

/*Data for the table `article_comment` */

insert  into `article_comment`(`id`,`nickname`,`time`,`msg`,`blog_id`,`is_pass`) values (1,'老王','2019/9/20 下午4:39:07','<span style=\"color: rgb(102, 102, 102); font-family: 微软雅黑; font-size: 12px; text-indent: 20px; display: inline !important;\">有什么新鲜事想告诉大家?</span>',16,1),(2,'老王','2019/9/20 下午4:50:50','这个系统差不多了.....<span style=\"display: inline !important;\">这个系统差不多了.....</span><span style=\"display: inline !important;\">这个系统差不多了.....</span><span style=\"display: inline !important;\">这个系统差不多了.....</span>',17,1),(3,'老司机','老司机','老司机开车了&nbsp; &nbsp;3w 点 123123 点 com',16,1),(5,'xxx','2019/9/20 下午4:54:27','<span style=\"color: rgba(11, 11, 11, 0.93); font-size: 15px; display: inline !important;\">老司机开车了&nbsp; &nbsp;3w 点 123123 点 com</span>',16,1),(4,'老司机','老司机','老司机开车了&nbsp; &nbsp;3w 点 123123 点 com',16,1),(6,'xxx','2019/9/20 下午4:54:29','<span style=\"color: rgba(11, 11, 11, 0.93); font-size: 15px; display: inline !important;\">老司机开车了&nbsp; &nbsp;3w 点 123123 点 com</span>',16,1),(7,'xxx','2019/9/20 下午4:54:30','<span style=\"color: rgba(11, 11, 11, 0.93); font-size: 15px; display: inline !important;\">老司机开车了&nbsp; &nbsp;3w 点 123123 点 com</span>',16,1),(8,'xxx','2019/9/20 下午4:54:31','<span style=\"color: rgba(11, 11, 11, 0.93); font-size: 15px; display: inline !important;\">老司机开车了&nbsp; &nbsp;3w 点 123123 点 com</span>',16,1),(9,'xxx','2019/9/20 下午4:54:32','<span style=\"color: rgba(11, 11, 11, 0.93); font-size: 15px; display: inline !important;\">老司机开车了&nbsp; &nbsp;3w 点 123123 点 com</span>',16,1),(10,'xxx','2019/9/20 下午4:54:33','<span style=\"color: rgba(11, 11, 11, 0.93); font-size: 15px; display: inline !important;\">老司机开车了&nbsp; &nbsp;3w 点 123123 点 com</span>',16,1),(11,'xxx','2019/9/20 下午4:54:34','<span style=\"color: rgba(11, 11, 11, 0.93); font-size: 15px; display: inline !important;\">老司机开车了&nbsp; &nbsp;3w 点 123123 点 com</span>',16,1),(12,'xxx','2019/9/20 下午4:54:35','<span style=\"color: rgba(11, 11, 11, 0.93); font-size: 15px; display: inline !important;\">老司机开车了&nbsp; &nbsp;3w 点 123123 点 com</span>',16,1),(13,'xxx','2019/9/20 下午4:54:36','<span style=\"color: rgba(11, 11, 11, 0.93); font-size: 15px; display: inline !important;\">老司机开车了&nbsp; &nbsp;3w 点 123123 点 com</span>',16,1),(14,'xxx','2019/9/20 下午4:54:37','<span style=\"color: rgba(11, 11, 11, 0.93); font-size: 15px; display: inline !important;\">老司机开车了&nbsp; &nbsp;3w 点 123123 点 com</span>',16,1),(15,'xxx','2019/9/20 下午4:54:38','<span style=\"color: rgba(11, 11, 11, 0.93); font-size: 15px; display: inline !important;\">老司机开车了&nbsp; &nbsp;3w 点 123123 点 com</span>',16,1),(16,'xxx','2019/9/20 下午4:54:39','<span style=\"color: rgba(11, 11, 11, 0.93); font-size: 15px; display: inline !important;\">老司机开车了&nbsp; &nbsp;3w 点 123123 点 com</span>',16,1),(17,'xxx','2019/9/20 下午4:54:40','<span style=\"color: rgba(11, 11, 11, 0.93); font-size: 15px; display: inline !important;\">老司机开车了&nbsp; &nbsp;3w 点 123123 点 com</span>',16,1),(18,'xxx','2019/9/20 下午4:54:40','<span style=\"color: rgba(11, 11, 11, 0.93); font-size: 15px; display: inline !important;\">老司机开车了&nbsp; &nbsp;3w 点 123123 点 com</span>',16,1),(19,'xxx','2019/9/20 下午4:54:41','<span style=\"color: rgba(11, 11, 11, 0.93); font-size: 15px; display: inline !important;\">老司机开车了&nbsp; &nbsp;3w 点 123123 点 com</span>',16,1),(20,'xiaohei','2019/9/20 下午5:12:09','<span style=\"color: rgb(102, 102, 102); font-family: 微软雅黑; font-size: 12px; text-indent: 20px; display: inline !important;\">有什么新鲜事想告诉大家?</span>',8,1);

/*Table structure for table `author` */

DROP TABLE IF EXISTS `author`;

CREATE TABLE `author` (
  `id` int(11) NOT NULL AUTO_INCREMENT,
  `name` varchar(255) DEFAULT NULL,
  `age` int(11) DEFAULT NULL,
  `sex` int(11) DEFAULT NULL,
  `introduce` text CHARACTER SET utf8 COLLATE utf8_general_ci,
  `qq` varchar(255) DEFAULT NULL,
  `webo` varchar(255) DEFAULT NULL,
  `email` varchar(255) DEFAULT NULL,
  `avtor` varchar(255) DEFAULT NULL,
  `service` text,
  `phone` varchar(16) DEFAULT NULL,
  `wechat` varchar(100) DEFAULT NULL,
  `qrcode` varchar(255) DEFAULT NULL,
  PRIMARY KEY (`id`)
) ENGINE=MyISAM AUTO_INCREMENT=8 DEFAULT CHARSET=utf8;

/*Data for the table `author` */

insert  into `author`(`id`,`name`,`age`,`sex`,`introduce`,`qq`,`webo`,`email`,`avtor`,`service`,`phone`,`wechat`,`qrcode`) values (7,'111',12,1,'叶长亮，10年SEO实战经验，涉及多个行业的关键词优化，比如医疗、机械、电子、家装等等，优化案例众多，经得起检验。多年来，我把每一个SEO客户都看成是自己的朋友，努力帮他们做好SEO工作，为很多企业实现互联网腾飞做出贡献！\r\n\r\n这是一个苹果掉下来砸住牛顿的时代，只是很多人对苹果的价值视而不见。于是，在电商崭露头角的时候，他们把大把的钞票给了马云，在微商异军突起的时候，他们把钱包丢向了马化腾。其实，机会是平等的，平庸的人总在抱怨，他们与乔布斯捧着相同的苹果，却不知加以利用。在IT的世界，一夜暴富已经不是神话，可是一个人不懂电商、不懂微商、不懂SEO、不懂网络营销，苹果砸到头上却捕捉不到商机，最后只能浩叹。\r\n\r\n叶长亮立足于网站推广、SEO技术咨询，旨在为有理想、敢拼搏、不甘平庸要在IT世界里淘金子的人服务，帮助他们捕捉商机，做好推广工作。一个不想做精英的草根不是好草根，叶长亮给你一片清辉，与你风雨同舟。\r\n\r\n\r\n原文地址：http://seo.yechangliang.com/about.html','222','222','2212','0cddf8b48c60a28511d51c008471106a.jpg','修空调，修电脑，重装系统，系统升级，修水表','110120119','hhhh',NULL);

/*Table structure for table `blog` */

DROP TABLE IF EXISTS `blog`;

CREATE TABLE `blog` (
  `id` int(11) NOT NULL AUTO_INCREMENT,
  `title` varchar(255) DEFAULT NULL,
  `introduce` varchar(255) CHARACTER SET utf8 COLLATE utf8_general_ci DEFAULT NULL,
  `category_id` int(11) DEFAULT NULL,
  `createtime` varchar(60) DEFAULT NULL,
  `browse` int(11) DEFAULT '0',
  `like` int(11) DEFAULT '0',
  `detail` text,
  `is_carousel` int(2) DEFAULT '0',
  `is_header` int(2) DEFAULT '0',
  `tags` varchar(32) CHARACTER SET utf8 COLLATE utf8_general_ci DEFAULT NULL,
  PRIMARY KEY (`id`)
) ENGINE=MyISAM AUTO_INCREMENT=27 DEFAULT CHARSET=utf8;

/*Data for the table `blog` */

insert  into `blog`(`id`,`title`,`introduce`,`category_id`,`createtime`,`browse`,`like`,`detail`,`is_carousel`,`is_header`,`tags`) values (6,'深入 js','深入 js',8,'3:11:04 PM',0,0,'深入 js深入 js深入 js深入 js深入 js',0,0,'1,2,3'),(7,'深入 css','深入 css深入 css深入 css深入 css深入 css深入 css',10,'3:11:20 PM',0,0,'深入 css深入 css深入 css深入 css深入 css',0,0,'1,2,3'),(8,'深入Vue','深入Vue深入Vue深入Vue',9,'2:23:34 PM',5,0,'深入Vue深入Vue深入Vue深入Vue深入Vue深入Vue深入Vue深入Vue深入Vue深入Vue深入Vue深入Vue',1,0,'1,2,3'),(9,'深入Vue','深入Vue深入Vue深入Vue深入Vue深入Vue深入Vue深入Vue深入Vue深入Vue深入Vue深入Vue深入Vue深入Vue深入Vue深入Vue深入Vue深入Vue深入Vue深入Vue深入Vue深入Vue',9,'2:23:34 PM',0,0,'深入Vue深入Vue深入Vue深入Vue深入Vue深入Vue深入Vue深入Vue深入Vue深入Vue深入Vue深入Vue',1,1,'1,2,3'),(10,'深入Rect','深入Rect深入Rect深入Rect深入Rect',9,'2:23:34 PM',2,0,'深入Rect深入Rect深入Rect深入Rect深入Rect深入Rect深入Rect深入Rect深入Rect深入Rect深入Rect深入Rect深入Rect深入Rect深入Rect深入Rect深入Rect深入Rect深入Rect深入Rect',1,0,'2'),(11,'NBA开赛了.....','NBA开赛了.....NBA开赛了.....NBA开赛了.....NBA开赛了.....',10,'2:37:10 PM',4,0,'NBA开赛了.....NBA开赛了.....NBA开赛了.....NBA开赛了.....NBA开赛了.....NBA开赛了.....NBA开赛了.....NBA开赛了.....NBA开赛了.....NBA开赛了.....NBA开赛了.....NBA开赛了.....NBA开赛了.....NBA开赛了.....NBA开赛了.....NBA开赛了.....',1,0,'1,2,3'),(12,'深入 js1111','深入 js1111深入 js1111',10,'4:06:14 PM',0,0,'深入 js1111深入 js1111深入 js1111深入 js1111深入 js1111深入 js1111深入 js1111深入 js1111深入 js1111深入 js1111深入 js1111深入 js1111深入 js1111深入 js1111深入 js1111深入 js1111',0,0,'1,2,3'),(13,'深入 js','11111111111111',8,'2:57:06 PM',0,0,'111111111111111111111111111111111111111111',0,0,'1'),(14,'深入 css','深入 css深入 css深入 css深入 css',8,'2:57:29 PM',6,0,'深入 css深入 css深入 css深入 css深入 css深入 css深入 css深入 css深入 css深入 css深入 css深入 css',0,0,'1,2,3'),(15,'深入 css','深入 css深入 css深入 css深入 css深入 css深入 css深入 css深入 css',8,'2:57:41 PM',0,0,'深入 css深入 css深入 css深入 css深入 css深入 css深入 css深入 css深入 css深入 css深入 css深入 css',0,0,'3'),(16,'深入 css深入','深入 css深入 css深入 css深入 css深入 css深入 css深入 css深入 css深入 css深入 css深入 css深入 css深入 css深入 css深入 css深入 css',8,'2:57:57 PM',6,0,'深入 css深入 css深入 css深入 css深入 css深入 css深入 css深入 css深入 css深入 css深入 css深入 css深入 css深入 css深入 css深入 css深入 css深入 css深入 css深入 css深入 css深入 css深入 css深入 css',0,0,'1,2,3'),(17,'深入 js','深入 js',8,'3:04:25 PM',2,0,'深入 js深入 js',0,0,'1,2,3'),(18,'深入 css','深入 js深入 js',8,'3:04:53 PM',0,0,'深入 js深入 js深入 js',0,0,'1,2'),(20,'深入 js','1111',8,'3:50:42 PM',0,0,'111111111111',0,0,'1,2,3'),(21,'深入 js','xxxx',8,'3:56:42 PM',0,0,'xxxxxxxxxxxx',0,0,'1,3'),(22,'深入 js','xxx',8,'4:16:06 PM',0,0,'xxxxx',0,0,'1,3'),(23,'深入 js 1617','深入 js 1617',8,'4:17:32 PM',0,0,'深入 js 1617深入 js 1617',0,0,'1,2'),(24,'深入 js','xxxx',8,'4:19:42 PM',0,0,'xxxxxxxxxxxx',0,0,'4,5,6,8'),(25,'周琦威武周琦威武周琦威武周琦威武','周琦威武',8,'4:20:46 PM',12,0,'周琦威武周琦威武',0,0,'4,7,8,9'),(26,'深入 js','xxxxxxxxxx',8,'10:00:17 AM',0,0,'最近，有些人跟我说，叶哥，好久没看你更新博客了。是的，现在一个月在博客上最多也就更新2-3篇文章，一方面想的是在精不在多吧，另一方面每个人的知识库也是有限的，除此之外，我也会想还有多少人在关注我的博客，到底有没必要继续更新下去？\r\n\r\n\r\n时常有朋友问我：某某站是不是我的。现在很多的网站模板、内容都是和叶长亮SEO博客是一样的，在这里郑重说明一下，叶长亮SEO博客唯一地址：seo.yechangliang.com，看域名也知道错不了。我个人绝对没有精力去写几十个博客，能把一个博客坚持写下去就不得了了，所以其他网站一定都是抄袭的，大家心知肚明即可，其实，朋友们转载我的文章我是一点意见都没有，但是如果能加上出处，叶哥会非常感激。\r\n\r\n\r\n\r\n当然了，抄袭是一种常见的现象，不必太过惊讶，没有多少人愿意坚持每一篇去原创，但是，单从博客的意义来讲，我个人觉得原创是一种态度，是一种精神追求，写博客就是要原创，写博客不就是为了分享自己的个人见解与心得感悟吗？大量抄袭没有太多沉淀，偶尔收藏几篇有价值的文章倒是可以，但是大多数文章还是建议大家有自己的记录。\r\n\r\n\r\n\r\n现如今，个人站长越来越少，个人博客站长更是少之又少，能坚持分享有价值文章的SEO博客还剩下几个？“不忘初心，方得始终”，大多数SEO博客站长已经丧失了本心，或坚持不下去，或有了其他想法，有的SEO博客现在连一篇可读的文章都没有了，试问这样的网站存在的意义到底是什么？难道百度算法就真的不堪一击，无法过滤这些垃圾网站吗？从目前的情况来看，百度还是被站长骑着走，着实的悲哀，但是，作为一名SEO从业者，还得仰仗百度，也不便做出过多评价，总之，叶长亮SEO博客如果继续往下走，还是会坚持去走自己的路。\r\n\r\n\r\n\r\n博客更新文章的数量快400篇了，花了多少时间，付出了多少也只有自己知道，写博客真要说能赚多少钱也不一定，最重要的还是不断沉淀自我，分享SEO心得，为SEO新手朋友多做指引，帮助更多想要学习SEO的朋友。\r\n\r\n\r\n\r\n回到本文的话题“叶长亮SEO博客还是否有必要继续更新”，如果有朋友支持我，可以给我评论，如果本文评论数量超过50条，我再继续更新，如果没有，我觉得可能必要继续更新下去了。\r\n\r\n\r\n原文地址：http://seo.yechangliang.com/post-592.html',1,0,'3,4,6,7');

/*Table structure for table `category` */

DROP TABLE IF EXISTS `category`;

CREATE TABLE `category` (
  `id` int(11) NOT NULL AUTO_INCREMENT,
  `name` varchar(32) DEFAULT NULL,
  PRIMARY KEY (`id`)
) ENGINE=MyISAM AUTO_INCREMENT=18 DEFAULT CHARSET=utf8;

/*Data for the table `category` */

insert  into `category`(`id`,`name`) values (8,'个人日志'),(9,'奇闻轶事'),(10,'js大前端'),(16,'个人杂谈'),(14,'朝花夕拾'),(15,'骆驼祥子');

/*Table structure for table `comment` */

DROP TABLE IF EXISTS `comment`;

CREATE TABLE `comment` (
  `id` int(11) NOT NULL AUTO_INCREMENT,
  `msg` text,
  `nickname` varchar(255) DEFAULT NULL,
  `time` varchar(50) DEFAULT NULL,
  `is_pass` int(2) DEFAULT '0' COMMENT '0表示审核中;1表示通过;2表示拒绝',
  PRIMARY KEY (`id`)
) ENGINE=MyISAM AUTO_INCREMENT=34 DEFAULT CHARSET=utf8;

/*Data for the table `comment` */

insert  into `comment`(`id`,`msg`,`nickname`,`time`,`is_pass`) values (4,'<img src=\"/images/cry.gif\" title=\"[衰]\">','xxxx','2019/9/18 下午5:21:19',1),(5,'<img src=\"/images/tootha_thumb.gif\" title=\"嘻嘻]\">hahahaha','hehe','2019/9/18 下午5:24:47',1),(6,'<img src=\"http://localhost:8080/images/laugh.gif\" title=\"[哈哈]\"><img src=\"http://localhost:8080/images/tza_thumb.gif\" title=\"[可爱]\"><img src=\"http://localhost:8080/images/cj_thumb.gif\" title=\"[吃惊]\"><img src=\"http://localhost:8080/images/kl_thumb.gif\" title=\"[可怜]\"><img src=\"http://localhost:8080/images/laugh.gif\" title=\"[哈哈]\"><img src=\"http://localhost:8080/images/laugh.gif\" title=\"[哈哈]\"><img src=\"http://localhost:8080/images/tza_thumb.gif\" title=\"[可爱]\"><img src=\"http://localhost:8080/images/cj_thumb.gif\" title=\"[吃惊]\"><img src=\"http://localhost:8080/images/kl_thumb.gif\" title=\"[可怜]\"><img src=\"http://localhost:8080/images/laugh.gif\" title=\"[哈哈]\"><img src=\"http://localhost:8080/images/laugh.gif\" title=\"[哈哈]\"><img src=\"http://localhost:8080/images/tza_thumb.gif\" title=\"[可爱]\"><img src=\"http://localhost:8080/images/cj_thumb.gif\" title=\"[吃惊]\"><img src=\"http://localhost:8080/images/kl_thumb.gif\" title=\"[可怜]\"><img src=\"http://localhost:8080/images/laugh.gif\" title=\"[哈哈]\"><img src=\"http://localhost:8080/images/laugh.gif\" title=\"[哈哈]\"><img src=\"http://localhost:8080/images/tza_thumb.gif\" title=\"[可爱]\"><img src=\"http://localhost:8080/images/cj_thumb.gif\" title=\"[吃惊]\"><img src=\"http://localhost:8080/images/kl_thumb.gif\" title=\"[可怜]\"><img src=\"http://localhost:8080/images/laugh.gif\" title=\"[哈哈]\"><img src=\"http://localhost:8080/images/laugh.gif\" title=\"[哈哈]\"><img src=\"http://localhost:8080/images/tza_thumb.gif\" title=\"[可爱]\"><img src=\"http://localhost:8080/images/cj_thumb.gif\" title=\"[吃惊]\"><img src=\"http://localhost:8080/images/kl_thumb.gif\" title=\"[可怜]\"><img src=\"http://localhost:8080/images/laugh.gif\" title=\"[哈哈]\"><img src=\"http://localhost:8080/images/laugh.gif\" title=\"[哈哈]\"><img src=\"http://localhost:8080/images/tza_thumb.gif\" title=\"[可爱]\"><img src=\"http://localhost:8080/images/cj_thumb.gif\" title=\"[吃惊]\"><img src=\"http://localhost:8080/images/kl_thumb.gif\" title=\"[可怜]\"><img src=\"http://localhost:8080/images/laugh.gif\" title=\"[哈哈]\"><img src=\"http://localhost:8080/images/laugh.gif\" title=\"[哈哈]\"><img src=\"http://localhost:8080/images/tza_thumb.gif\" title=\"[可爱]\"><img src=\"http://localhost:8080/images/cj_thumb.gif\" title=\"[吃惊]\"><img src=\"http://localhost:8080/images/kl_thumb.gif\" title=\"[可怜]\"><img src=\"http://localhost:8080/images/laugh.gif\" title=\"[哈哈]\"><img src=\"http://localhost:8080/images/laugh.gif\" title=\"[哈哈]\"><img src=\"http://localhost:8080/images/tza_thumb.gif\" title=\"[可爱]\"><img src=\"http://localhost:8080/images/cj_thumb.gif\" title=\"[吃惊]\"><img src=\"http://localhost:8080/images/kl_thumb.gif\" title=\"[可怜]\"><img src=\"http://localhost:8080/images/laugh.gif\" title=\"[哈哈]\">这个网站不知道干啥的','老王','2019/9/18 下午5:26:26',1),(7,'<img src=\"http://localhost:8080/images/laugh.gif\" title=\"[哈哈]\" style=\"color: rgba(11, 11, 11, 0.93); font-size: 18px;\"><img src=\"http://localhost:8080/images/tza_thumb.gif\" title=\"[可爱]\" style=\"color: rgba(11, 11, 11, 0.93); font-size: 18px;\"><img src=\"http://localhost:8080/images/cj_thumb.gif\" title=\"[吃惊]\" style=\"color: rgba(11, 11, 11, 0.93); font-size: 18px;\"><img src=\"http://localhost:8080/images/kl_thumb.gif\" title=\"[可怜]\" style=\"color: rgba(11, 11, 11, 0.93); font-size: 18px;\"><img src=\"http://localhost:8080/images/laugh.gif\" title=\"[哈哈]\" style=\"color: rgba(11, 11, 11, 0.93); font-size: 18px;\"><img src=\"http://localhost:8080/images/laugh.gif\" title=\"[哈哈]\" style=\"color: rgba(11, 11, 11, 0.93); font-size: 18px;\"><img src=\"http://localhost:8080/images/tza_thumb.gif\" title=\"[可爱]\" style=\"color: rgba(11, 11, 11, 0.93); font-size: 18px;\"><img src=\"http://localhost:8080/images/cj_thumb.gif\" title=\"[吃惊]\" style=\"color: rgba(11, 11, 11, 0.93); font-size: 18px;\"><img src=\"http://localhost:8080/images/kl_thumb.gif\" title=\"[可怜]\" style=\"color: rgba(11, 11, 11, 0.93); font-size: 18px;\"><img src=\"http://localhost:8080/images/laugh.gif\" title=\"[哈哈]\" style=\"color: rgba(11, 11, 11, 0.93); font-size: 18px;\"><img src=\"http://localhost:8080/images/laugh.gif\" title=\"[哈哈]\" style=\"color: rgba(11, 11, 11, 0.93); font-size: 18px;\"><img src=\"http://localhost:8080/images/tza_thumb.gif\" title=\"[可爱]\" style=\"color: rgba(11, 11, 11, 0.93); font-size: 18px;\"><img src=\"http://localhost:8080/images/cj_thumb.gif\" title=\"[吃惊]\" style=\"color: rgba(11, 11, 11, 0.93); font-size: 18px;\"><img src=\"http://localhost:8080/images/kl_thumb.gif\" title=\"[可怜]\" style=\"color: rgba(11, 11, 11, 0.93); font-size: 18px;\"><img src=\"http://localhost:8080/images/laugh.gif\" title=\"[哈哈]\" style=\"color: rgba(11, 11, 11, 0.93); font-size: 18px;\"><img src=\"http://localhost:8080/images/laugh.gif\" title=\"[哈哈]\" style=\"color: rgba(11, 11, 11, 0.93); font-size: 18px;\"><img src=\"http://localhost:8080/images/tza_thumb.gif\" title=\"[可爱]\" style=\"color: rgba(11, 11, 11, 0.93); font-size: 18px;\"><img src=\"http://localhost:8080/images/cj_thumb.gif\" title=\"[吃惊]\" style=\"color: rgba(11, 11, 11, 0.93); font-size: 18px;\"><img src=\"http://localhost:8080/images/kl_thumb.gif\" title=\"[可怜]\" style=\"color: rgba(11, 11, 11, 0.93); font-size: 18px;\"><img src=\"http://localhost:8080/images/laugh.gif\" title=\"[哈哈]\" style=\"color: rgba(11, 11, 11, 0.93); font-size: 18px;\"><img src=\"http://localhost:8080/images/laugh.gif\" title=\"[哈哈]\" style=\"color: rgba(11, 11, 11, 0.93); font-size: 18px;\"><img src=\"http://localhost:8080/images/tza_thumb.gif\" title=\"[可爱]\" style=\"color: rgba(11, 11, 11, 0.93); font-size: 18px;\"><img src=\"http://localhost:8080/images/cj_thumb.gif\" title=\"[吃惊]\" style=\"color: rgba(11, 11, 11, 0.93); font-size: 18px;\"><img src=\"http://localhost:8080/images/kl_thumb.gif\" title=\"[可怜]\" style=\"color: rgba(11, 11, 11, 0.93); font-size: 18px;\"><img src=\"http://localhost:8080/images/laugh.gif\" title=\"[哈哈]\" style=\"color: rgba(11, 11, 11, 0.93); font-size: 18px;\"><img src=\"http://localhost:8080/images/laugh.gif\" title=\"[哈哈]\" style=\"color: rgba(11, 11, 11, 0.93); font-size: 18px;\"><img src=\"http://localhost:8080/images/tza_thumb.gif\" title=\"[可爱]\" style=\"color: rgba(11, 11, 11, 0.93); font-size: 18px;\"><img src=\"http://localhost:8080/images/cj_thumb.gif\" title=\"[吃惊]\" style=\"color: rgba(11, 11, 11, 0.93); font-size: 18px;\"><img src=\"http://localhost:8080/images/kl_thumb.gif\" title=\"[可怜]\" style=\"color: rgba(11, 11, 11, 0.93); font-size: 18px;\"><img src=\"http://localhost:8080/images/laugh.gif\" title=\"[哈哈]\" style=\"color: rgba(11, 11, 11, 0.93); font-size: 18px;\"><img src=\"http://localhost:8080/images/laugh.gif\" title=\"[哈哈]\" style=\"color: rgba(11, 11, 11, 0.93); font-size: 18px;\"><img src=\"http://localhost:8080/images/tza_thumb.gif\" title=\"[可爱]\" style=\"color: rgba(11, 11, 11, 0.93); font-size: 18px;\"><img src=\"http://localhost:8080/images/cj_thumb.gif\" title=\"[吃惊]\" style=\"color: rgba(11, 11, 11, 0.93); font-size: 18px;\"><img src=\"http://localhost:8080/images/kl_thumb.gif\" title=\"[可怜]\" style=\"color: rgba(11, 11, 11, 0.93); font-size: 18px;\"><img src=\"http://localhost:8080/images/laugh.gif\" title=\"[哈哈]\" style=\"color: rgba(11, 11, 11, 0.93); font-size: 18px;\"><img src=\"http://localhost:8080/images/laugh.gif\" title=\"[哈哈]\" style=\"color: rgba(11, 11, 11, 0.93); font-size: 18px;\"><img src=\"http://localhost:8080/images/tza_thumb.gif\" title=\"[可爱]\" style=\"color: rgba(11, 11, 11, 0.93); font-size: 18px;\"><img src=\"http://localhost:8080/images/cj_thumb.gif\" title=\"[吃惊]\" style=\"color: rgba(11, 11, 11, 0.93); font-size: 18px;\"><img src=\"http://localhost:8080/images/kl_thumb.gif\" title=\"[可怜]\" style=\"color: rgba(11, 11, 11, 0.93); font-size: 18px;\"><img src=\"http://localhost:8080/images/laugh.gif\" title=\"[哈哈]\" style=\"color: rgba(11, 11, 11, 0.93); font-size: 18px;\"><span style=\"color: rgba(11, 11, 11, 0.93); font-size: 18px; display: inline !important;\">这个网站不知道干啥的</span><img src=\"http://localhost:8080/images/laugh.gif\" title=\"[哈哈]\" style=\"color: rgba(11, 11, 11, 0.93); font-size: 18px;\"><img src=\"http://localhost:8080/images/tza_thumb.gif\" title=\"[可爱]\" style=\"color: rgba(11, 11, 11, 0.93); font-size: 18px;\"><img src=\"http://localhost:8080/images/cj_thumb.gif\" title=\"[吃惊]\" style=\"color: rgba(11, 11, 11, 0.93); font-size: 18px;\"><img src=\"http://localhost:8080/images/kl_thumb.gif\" title=\"[可怜]\" style=\"color: rgba(11, 11, 11, 0.93); font-size: 18px;\"><img src=\"http://localhost:8080/images/laugh.gif\" title=\"[哈哈]\" style=\"color: rgba(11, 11, 11, 0.93); font-size: 18px;\"><img src=\"http://localhost:8080/images/laugh.gif\" title=\"[哈哈]\" style=\"color: rgba(11, 11, 11, 0.93); font-size: 18px;\"><img src=\"http://localhost:8080/images/tza_thumb.gif\" title=\"[可爱]\" style=\"color: rgba(11, 11, 11, 0.93); font-size: 18px;\"><img src=\"http://localhost:8080/images/cj_thumb.gif\" title=\"[吃惊]\" style=\"color: rgba(11, 11, 11, 0.93); font-size: 18px;\"><img src=\"http://localhost:8080/images/kl_thumb.gif\" title=\"[可怜]\" style=\"color: rgba(11, 11, 11, 0.93); font-size: 18px;\"><img src=\"http://localhost:8080/images/laugh.gif\" title=\"[哈哈]\" style=\"color: rgba(11, 11, 11, 0.93); font-size: 18px;\"><img src=\"http://localhost:8080/images/laugh.gif\" title=\"[哈哈]\" style=\"color: rgba(11, 11, 11, 0.93); font-size: 18px;\"><img src=\"http://localhost:8080/images/tza_thumb.gif\" title=\"[可爱]\" style=\"color: rgba(11, 11, 11, 0.93); font-size: 18px;\"><img src=\"http://localhost:8080/images/cj_thumb.gif\" title=\"[吃惊]\" style=\"color: rgba(11, 11, 11, 0.93); font-size: 18px;\"><img src=\"http://localhost:8080/images/kl_thumb.gif\" title=\"[可怜]\" style=\"color: rgba(11, 11, 11, 0.93); font-size: 18px;\"><img src=\"http://localhost:8080/images/laugh.gif\" title=\"[哈哈]\" style=\"color: rgba(11, 11, 11, 0.93); font-size: 18px;\"><img src=\"http://localhost:8080/images/laugh.gif\" title=\"[哈哈]\" style=\"color: rgba(11, 11, 11, 0.93); font-size: 18px;\"><img src=\"http://localhost:8080/images/tza_thumb.gif\" title=\"[可爱]\" style=\"color: rgba(11, 11, 11, 0.93); font-size: 18px;\"><img src=\"http://localhost:8080/images/cj_thumb.gif\" title=\"[吃惊]\" style=\"color: rgba(11, 11, 11, 0.93); font-size: 18px;\"><img src=\"http://localhost:8080/images/kl_thumb.gif\" title=\"[可怜]\" style=\"color: rgba(11, 11, 11, 0.93); font-size: 18px;\"><img src=\"http://localhost:8080/images/laugh.gif\" title=\"[哈哈]\" style=\"color: rgba(11, 11, 11, 0.93); font-size: 18px;\"><img src=\"http://localhost:8080/images/laugh.gif\" title=\"[哈哈]\" style=\"color: rgba(11, 11, 11, 0.93); font-size: 18px;\"><img src=\"http://localhost:8080/images/tza_thumb.gif\" title=\"[可爱]\" style=\"color: rgba(11, 11, 11, 0.93); font-size: 18px;\"><img src=\"http://localhost:8080/images/cj_thumb.gif\" title=\"[吃惊]\" style=\"color: rgba(11, 11, 11, 0.93); font-size: 18px;\"><img src=\"http://localhost:8080/images/kl_thumb.gif\" title=\"[可怜]\" style=\"color: rgba(11, 11, 11, 0.93); font-size: 18px;\"><img src=\"http://localhost:8080/images/laugh.gif\" title=\"[哈哈]\" style=\"color: rgba(11, 11, 11, 0.93); font-size: 18px;\"><img src=\"http://localhost:8080/images/laugh.gif\" title=\"[哈哈]\" style=\"color: rgba(11, 11, 11, 0.93); font-size: 18px;\"><img src=\"http://localhost:8080/images/tza_thumb.gif\" title=\"[可爱]\" style=\"color: rgba(11, 11, 11, 0.93); font-size: 18px;\"><img src=\"http://localhost:8080/images/cj_thumb.gif\" title=\"[吃惊]\" style=\"color: rgba(11, 11, 11, 0.93); font-size: 18px;\"><img src=\"http://localhost:8080/images/kl_thumb.gif\" title=\"[可怜]\" style=\"color: rgba(11, 11, 11, 0.93); font-size: 18px;\"><img src=\"http://localhost:8080/images/laugh.gif\" title=\"[哈哈]\" style=\"color: rgba(11, 11, 11, 0.93); font-size: 18px;\"><img src=\"http://localhost:8080/images/laugh.gif\" title=\"[哈哈]\" style=\"color: rgba(11, 11, 11, 0.93); font-size: 18px;\"><img src=\"http://localhost:8080/images/tza_thumb.gif\" title=\"[可爱]\" style=\"color: rgba(11, 11, 11, 0.93); font-size: 18px;\"><img src=\"http://localhost:8080/images/cj_thumb.gif\" title=\"[吃惊]\" style=\"color: rgba(11, 11, 11, 0.93); font-size: 18px;\"><img src=\"http://localhost:8080/images/kl_thumb.gif\" title=\"[可怜]\" style=\"color: rgba(11, 11, 11, 0.93); font-size: 18px;\"><img src=\"http://localhost:8080/images/laugh.gif\" title=\"[哈哈]\" style=\"color: rgba(11, 11, 11, 0.93); font-size: 18px;\"><img src=\"http://localhost:8080/images/laugh.gif\" title=\"[哈哈]\" style=\"color: rgba(11, 11, 11, 0.93); font-size: 18px;\"><img src=\"http://localhost:8080/images/tza_thumb.gif\" title=\"[可爱]\" style=\"color: rgba(11, 11, 11, 0.93); font-size: 18px;\"><img src=\"http://localhost:8080/images/cj_thumb.gif\" title=\"[吃惊]\" style=\"color: rgba(11, 11, 11, 0.93); font-size: 18px;\"><img src=\"http://localhost:8080/images/kl_thumb.gif\" title=\"[可怜]\" style=\"color: rgba(11, 11, 11, 0.93); font-size: 18px;\"><img src=\"http://localhost:8080/images/laugh.gif\" title=\"[哈哈]\" style=\"color: rgba(11, 11, 11, 0.93); font-size: 18px;\"><span style=\"color: rgba(11, 11, 11, 0.93); font-size: 18px; display: inline !important;\">这个网站不知道干啥的</span>','老王','2019/9/18 下午5:26:35',1),(11,'测试一下这个新的评论系统<img src=\"/images/tootha_thumb.gif\" title=\"嘻嘻]\"><img src=\"http://localhost:8080/images/smilea_thumb.gif\" title=\"呵呵]\"><img src=\"http://localhost:8080/images/tootha_thumb.gif\" title=\"嘻嘻]\"><img src=\"http://localhost:8080/images/smilea_thumb.gif\" title=\"呵呵]\"><img src=\"http://localhost:8080/images/tootha_thumb.gif\" title=\"嘻嘻]\"><img src=\"http://localhost:8080/images/smilea_thumb.gif\" title=\"呵呵]\"><img src=\"http://localhost:8080/images/tootha_thumb.gif\" title=\"嘻嘻]\"><img src=\"http://localhost:8080/images/smilea_thumb.gif\" title=\"呵呵]\"><img src=\"http://localhost:8080/images/tootha_thumb.gif\" title=\"嘻嘻]\"><img src=\"http://localhost:8080/images/smilea_thumb.gif\" title=\"呵呵]\"><img src=\"http://localhost:8080/images/tootha_thumb.gif\" title=\"嘻嘻]\"><img src=\"http://localhost:8080/images/smilea_thumb.gif\" title=\"呵呵]\"><img src=\"http://localhost:8080/images/tootha_thumb.gif\" title=\"嘻嘻]\"><img src=\"http://localhost:8080/images/smilea_thumb.gif\" title=\"呵呵]\">','小黑','2019/9/19 上午10:32:30',1),(10,'21e21e21xsaaca<img src=\"/images/kl_thumb.gif\" title=\"[可怜]\"><img src=\"/images/hearta_thumb.gif\" title=\"[心]\">','老王','2019/9/19 上午9:39:34',1),(12,'<img src=\"http://localhost:8080/images/smilea_thumb.gif\" title=\"呵呵]\"><img src=\"http://localhost:8080/images/smilea_thumb.gif\" title=\"呵呵]\"><img src=\"http://localhost:8080/images/smilea_thumb.gif\" title=\"呵呵]\"><img src=\"http://localhost:8080/images/smilea_thumb.gif\" title=\"呵呵]\"><img src=\"http://localhost:8080/images/smilea_thumb.gif\" title=\"呵呵]\"><img src=\"http://localhost:8080/images/smilea_thumb.gif\" title=\"呵呵]\"><img src=\"http://localhost:8080/images/smilea_thumb.gif\" title=\"呵呵]\">','aa','2019/9/19 下午2:09:40',1),(13,'<img src=\"http://localhost:8080/images/smilea_thumb.gif\" title=\"呵呵]\"><img src=\"http://localhost:8080/images/smilea_thumb.gif\" title=\"呵呵]\"><img src=\"http://localhost:8080/images/smilea_thumb.gif\" title=\"呵呵]\"><img src=\"http://localhost:8080/images/smilea_thumb.gif\" title=\"呵呵]\"><img src=\"http://localhost:8080/images/smilea_thumb.gif\" title=\"呵呵]\"><img src=\"http://localhost:8080/images/smilea_thumb.gif\" title=\"呵呵]\"><img src=\"http://localhost:8080/images/smilea_thumb.gif\" title=\"呵呵]\"><img src=\"http://localhost:8080/images/smilea_thumb.gif\" title=\"呵呵]\"><img src=\"http://localhost:8080/images/smilea_thumb.gif\" title=\"呵呵]\"><img src=\"http://localhost:8080/images/smilea_thumb.gif\" title=\"呵呵]\"><img src=\"http://localhost:8080/images/smilea_thumb.gif\" title=\"呵呵]\"><img src=\"http://localhost:8080/images/smilea_thumb.gif\" title=\"呵呵]\">','aa','2019/9/19 下午2:09:46',1),(14,'<img src=\"http://localhost:8080/images/smilea_thumb.gif\" title=\"呵呵]\"><img src=\"http://localhost:8080/images/smilea_thumb.gif\" title=\"呵呵]\"><img src=\"http://localhost:8080/images/smilea_thumb.gif\" title=\"呵呵]\"><img src=\"http://localhost:8080/images/smilea_thumb.gif\" title=\"呵呵]\">','aa','2019/9/19 下午2:09:48',1),(15,'<img src=\"http://localhost:8080/images/smilea_thumb.gif\" title=\"呵呵]\"><img src=\"http://localhost:8080/images/smilea_thumb.gif\" title=\"呵呵]\"><img src=\"http://localhost:8080/images/smilea_thumb.gif\" title=\"呵呵]\"><img src=\"http://localhost:8080/images/smilea_thumb.gif\" title=\"呵呵]\">','aa','2019/9/19 下午2:09:50',1),(16,'<img src=\"http://localhost:8080/images/smilea_thumb.gif\" title=\"呵呵]\"><img src=\"http://localhost:8080/images/smilea_thumb.gif\" title=\"呵呵]\"><img src=\"http://localhost:8080/images/smilea_thumb.gif\" title=\"呵呵]\"><img src=\"http://localhost:8080/images/smilea_thumb.gif\" title=\"呵呵]\">','aa','2019/9/19 下午2:09:51',1),(17,'<img src=\"http://localhost:8080/images/smilea_thumb.gif\" title=\"呵呵]\"><img src=\"http://localhost:8080/images/smilea_thumb.gif\" title=\"呵呵]\"><img src=\"http://localhost:8080/images/smilea_thumb.gif\" title=\"呵呵]\"><img src=\"http://localhost:8080/images/smilea_thumb.gif\" title=\"呵呵]\">','aa','2019/9/19 下午2:09:52',1),(18,'<img src=\"http://localhost:8080/images/smilea_thumb.gif\" title=\"呵呵]\"><img src=\"http://localhost:8080/images/smilea_thumb.gif\" title=\"呵呵]\"><img src=\"http://localhost:8080/images/smilea_thumb.gif\" title=\"呵呵]\"><img src=\"http://localhost:8080/images/smilea_thumb.gif\" title=\"呵呵]\">','aa','2019/9/19 下午2:09:53',1),(19,'<img src=\"http://localhost:8080/images/smilea_thumb.gif\" title=\"呵呵]\"><img src=\"http://localhost:8080/images/smilea_thumb.gif\" title=\"呵呵]\"><img src=\"http://localhost:8080/images/smilea_thumb.gif\" title=\"呵呵]\"><img src=\"http://localhost:8080/images/smilea_thumb.gif\" title=\"呵呵]\">','aa','2019/9/19 下午2:09:54',1),(20,'<img src=\"http://localhost:8080/images/smilea_thumb.gif\" title=\"呵呵]\"><img src=\"http://localhost:8080/images/smilea_thumb.gif\" title=\"呵呵]\"><img src=\"http://localhost:8080/images/smilea_thumb.gif\" title=\"呵呵]\"><img src=\"http://localhost:8080/images/smilea_thumb.gif\" title=\"呵呵]\">','aa','2019/9/19 下午2:09:55',1),(21,'<img src=\"http://localhost:8080/images/smilea_thumb.gif\" title=\"呵呵]\"><img src=\"http://localhost:8080/images/smilea_thumb.gif\" title=\"呵呵]\"><img src=\"http://localhost:8080/images/smilea_thumb.gif\" title=\"呵呵]\"><img src=\"http://localhost:8080/images/smilea_thumb.gif\" title=\"呵呵]\">','aa','2019/9/19 下午2:09:57',1),(22,'<img src=\"http://localhost:8080/images/smilea_thumb.gif\" title=\"呵呵]\"><img src=\"http://localhost:8080/images/smilea_thumb.gif\" title=\"呵呵]\"><img src=\"http://localhost:8080/images/smilea_thumb.gif\" title=\"呵呵]\"><img src=\"http://localhost:8080/images/smilea_thumb.gif\" title=\"呵呵]\">','aa','2019/9/19 下午2:09:58',1),(23,'<img src=\"http://localhost:8080/images/smilea_thumb.gif\" title=\"呵呵]\"><img src=\"http://localhost:8080/images/smilea_thumb.gif\" title=\"呵呵]\"><img src=\"http://localhost:8080/images/smilea_thumb.gif\" title=\"呵呵]\"><img src=\"http://localhost:8080/images/smilea_thumb.gif\" title=\"呵呵]\">','aa','2019/9/19 下午2:10:00',1),(24,'<img src=\"http://localhost:8080/images/smilea_thumb.gif\" title=\"呵呵]\"><img src=\"http://localhost:8080/images/smilea_thumb.gif\" title=\"呵呵]\"><img src=\"http://localhost:8080/images/smilea_thumb.gif\" title=\"呵呵]\"><img src=\"http://localhost:8080/images/smilea_thumb.gif\" title=\"呵呵]\">','aa','2019/9/19 下午2:10:01',1),(25,'<img src=\"http://localhost:8080/images/smilea_thumb.gif\" title=\"呵呵]\"><img src=\"http://localhost:8080/images/smilea_thumb.gif\" title=\"呵呵]\"><img src=\"http://localhost:8080/images/smilea_thumb.gif\" title=\"呵呵]\"><img src=\"http://localhost:8080/images/smilea_thumb.gif\" title=\"呵呵]\">','aa','2019/9/19 下午2:10:02',1),(26,'<img src=\"http://localhost:8080/images/smilea_thumb.gif\" title=\"呵呵]\"><img src=\"http://localhost:8080/images/smilea_thumb.gif\" title=\"呵呵]\"><img src=\"http://localhost:8080/images/smilea_thumb.gif\" title=\"呵呵]\"><img src=\"http://localhost:8080/images/smilea_thumb.gif\" title=\"呵呵]\">','aa','2019/9/19 下午2:10:03',1),(27,'<img src=\"http://localhost:8080/images/smilea_thumb.gif\" title=\"呵呵]\"><img src=\"http://localhost:8080/images/smilea_thumb.gif\" title=\"呵呵]\"><img src=\"http://localhost:8080/images/smilea_thumb.gif\" title=\"呵呵]\"><img src=\"http://localhost:8080/images/smilea_thumb.gif\" title=\"呵呵]\">','aa','2019/9/19 下午2:10:04',1),(28,'<img src=\"http://localhost:8080/images/smilea_thumb.gif\" title=\"呵呵]\"><img src=\"http://localhost:8080/images/smilea_thumb.gif\" title=\"呵呵]\"><img src=\"http://localhost:8080/images/smilea_thumb.gif\" title=\"呵呵]\"><img src=\"http://localhost:8080/images/smilea_thumb.gif\" title=\"呵呵]\">','aa','2019/9/19 下午2:10:05',1),(29,'<img src=\"http://localhost:8080/images/smilea_thumb.gif\" title=\"呵呵]\"><img src=\"http://localhost:8080/images/smilea_thumb.gif\" title=\"呵呵]\"><img src=\"http://localhost:8080/images/smilea_thumb.gif\" title=\"呵呵]\"><img src=\"http://localhost:8080/images/smilea_thumb.gif\" title=\"呵呵]\">','aa','2019/9/19 下午2:10:06',1),(30,'<img src=\"http://localhost:8080/images/smilea_thumb.gif\" title=\"呵呵]\"><img src=\"http://localhost:8080/images/smilea_thumb.gif\" title=\"呵呵]\"><img src=\"http://localhost:8080/images/smilea_thumb.gif\" title=\"呵呵]\"><img src=\"http://localhost:8080/images/smilea_thumb.gif\" title=\"呵呵]\">','aa','2019/9/19 下午2:10:08',1),(31,'感觉博客有点意思<img src=\"/images/laugh.gif\" title=\"[哈哈]\">','老王','2019/9/19 下午2:23:21',1),(32,'<img src=\"/images/smilea_thumb.gif\" title=\"呵呵]\">','1111','2019/9/19 下午5:32:20',1),(33,'<img src=\"/images/smilea_thumb.gif\" title=\"呵呵]\">楼主好帅，求联系','游客','2019/9/20 上午11:39:25',1);

/*Table structure for table `hottag` */

DROP TABLE IF EXISTS `hottag`;

CREATE TABLE `hottag` (
  `id` int(11) NOT NULL AUTO_INCREMENT,
  `title` varchar(32) DEFAULT NULL,
  `num` int(3) DEFAULT '0',
  PRIMARY KEY (`id`)
) ENGINE=MyISAM AUTO_INCREMENT=11 DEFAULT CHARSET=utf8;

/*Data for the table `hottag` */

insert  into `hottag`(`id`,`title`,`num`) values (1,'网站',4),(2,'works',4),(3,'晚餐',4),(4,'NBA',2),(5,'CBA',0),(6,'LOL',0),(7,'dnf',0),(8,'17173',0),(9,'2048',0),(10,'1024',0);

/*Table structure for table `imgs` */

DROP TABLE IF EXISTS `imgs`;

CREATE TABLE `imgs` (
  `id` int(11) NOT NULL AUTO_INCREMENT,
  `img_src` varchar(255) DEFAULT NULL,
  `blog_id` int(11) DEFAULT NULL,
  PRIMARY KEY (`id`)
) ENGINE=MyISAM AUTO_INCREMENT=26 DEFAULT CHARSET=utf8;

/*Data for the table `imgs` */

insert  into `imgs`(`id`,`img_src`,`blog_id`) values (8,'116116c5f801c08e38a41b528dd35ec3.jpg',8),(6,'de2152e4620bff29f7ba32c175112602.jpg',7),(7,'4d2e5fd7db4a336648cbd26396c96372.jpg',6),(9,'4d2e5fd7db4a336648cbd26396c96372.jpg',9),(10,'4d2e5fd7db4a336648cbd26396c96372.jpg',10),(11,'4e8c721b09701af7b8b4df9f04b119ec.jpg',11),(12,'c88154fe2bfce875039b8df752e6d4a6.jpg',12),(13,'61f179df9baeb1594a12f70c9a52aa83.jpg',13),(14,'fda51a58991824cbe15b8fc3a0fd00bf.jpg',14),(15,'46682541d6ecd5178b11932ecedef889.jpg',15),(16,'c6f27839503a802ea64930eecac04478.jpg',16),(17,'b114e4461ecff6b6a2edf02e223364e9.jpg',17),(18,'24d18ff68a00d7469a0e9beb51edd5f2.jpg',18),(19,'20a9ec66686e90e7e6f77ef36ee7f145.png',20),(20,'3ed325df9a37f0a0004b442309cc86f2.png',21),(21,'63b4b628e7ad27ea88951f0bad66f62b.jpg',22),(22,'90e52c2a2dbe8f557e09cdf374111047.jpg',23),(23,'8b44764ba12213781323eea897bc5f1a.jpg',24),(24,'d59e2342ce84c12e71048baf178474a4.jpg',25),(25,'724229ca34bd2c9a5e80619888a93af7.jpg',26);

/*Table structure for table `link` */

DROP TABLE IF EXISTS `link`;

CREATE TABLE `link` (
  `id` int(11) NOT NULL AUTO_INCREMENT,
  `link_name` varchar(255) CHARACTER SET utf8 COLLATE utf8_general_ci DEFAULT NULL,
  `link_url` varchar(255) DEFAULT NULL,
  PRIMARY KEY (`id`)
) ENGINE=MyISAM AUTO_INCREMENT=13 DEFAULT CHARSET=utf8;

/*Data for the table `link` */

insert  into `link`(`id`,`link_name`,`link_url`) values (5,'百度','https://www.baidu.com'),(6,'谷歌','https://www.google.com'),(7,'苹果官网','https://www.apple.com'),(9,'苹果中文官网','https://www.apple.com.cn'),(10,'青于蓝杨青青博客','https://www.yangqq.com'),(11,'张旭鑫个人博客','https://www.zhangxinxu.com/'),(12,'魅族官网','https://www.meizu.com/');

/*!40101 SET SQL_MODE=@OLD_SQL_MODE */;
/*!40014 SET FOREIGN_KEY_CHECKS=@OLD_FOREIGN_KEY_CHECKS */;
/*!40014 SET UNIQUE_CHECKS=@OLD_UNIQUE_CHECKS */;
/*!40111 SET SQL_NOTES=@OLD_SQL_NOTES */;
